"month","filename","url","size_bytes","sha256"
"2024-01","lichess_db_standard_rated_2024-01.pgn.zst","https://database.lichess.org/standard/lichess_db_standard_rated_2024-01.pgn.zst",32379325271,"9df84b746665abc334fdcd67af0c56f44c3521d52b8313d1f42c33f47370c34e"
"2024-02","lichess_db_standard_rated_2024-02.pgn.zst","https://database.lichess.org/standard/lichess_db_standard_rated_2024-02.pgn.zst",29762409631,"7c59efefec6da268d1972a1164224db53460359bfbb31613980fba3fe554b9bc"
"2024-03","lichess_db_standard_rated_2024-03.pgn.zst","https://database.lichess.org/standard/lichess_db_standard_rated_2024-03.pgn.zst",31053615321,"8df669973f0ba9487aaf1536ae7d6c7959689652fd385215f2732e62318e27d3"
"2024-04","lichess_db_standard_rated_2024-04.pgn.zst","https://database.lichess.org/standard/lichess_db_standard_rated_2024-04.pgn.zst",29608365171,"e717c015fd5274a4b6fbf270ab7e3a6cd5754f31b06c366a52e5f972453630b8"
"2024-05","lichess_db_standard_rated_2024-05.pgn.zst","https://database.lichess.org/standard/lichess_db_standard_rated_2024-05.pgn.zst",30698334754,"2b58139e8f3452b7fd6ab86fe5b92812b20ee6d934ed2d330b141f6689256df5"
"2024-06","lichess_db_standard_rated_2024-06.pgn.zst","https://database.lichess.org/standard/lichess_db_standard_rated_2024-06.pgn.zst",29078356575,"f0087d1815878451c4c1b01978d02cb370a8d18419ede6e573287fa94082ca3a"
"2024-07","lichess_db_standard_rated_2024-07.pgn.zst","https://database.lichess.org/standard/lichess_db_standard_rated_2024-07.pgn.zst",29295798733,"97ec2c85046ed617e9bf19024e48d5cd137d94a696b35d240bf2a1a50d2378b6"
"2024-08","lichess_db_standard_rated_2024-08.pgn.zst","https://database.lichess.org/standard/lichess_db_standard_rated_2024-08.pgn.zst",30038633172,"335ec5858571bef20fe8e096c02b9ec9cd0a54235a631995d6b3a93687f69e05"
"2024-09","lichess_db_standard_rated_2024-09.pgn.zst","https://database.lichess.org/standard/lichess_db_standard_rated_2024-09.pgn.zst",28565025781,"35005f7934671f3035e85efce8e6ec9a6a3d10c28edf7c45a95da54c60a44df4"
"2024-10","lichess_db_standard_rated_2024-10.pgn.zst","https://database.lichess.org/standard/lichess_db_standard_rated_2024-10.pgn.zst",30743665262,"2b16193542e1445877be7789e86f3c5188722668356f42819e594cbdceab4b20"
"2024-11","lichess_db_standard_rated_2024-11.pgn.zst","https://database.lichess.org/standard/lichess_db_standard_rated_2024-11.pgn.zst",29600236426,"5c5ece775a8973fcd820dfb326b223eb29bfd442c550282eea0e7a094339646a"
"2024-12","lichess_db_standard_rated_2024-12.pgn.zst","https://database.lichess.org/standard/lichess_db_standard_rated_2024-12.pgn.zst",31614604286,"353ffae41a61107103ae4a604df523aa0bf12aacaf2e7475cc9e7d4bc03acde4"
"2025-01","lichess_db_standard_rated_2025-01.pgn.zst","https://database.lichess.org/standard/lichess_db_standard_rated_2025-01.pgn.zst",32870953370,"bad13a678e12a6a61f2bf3e920ea2cfd7f7d978318fe69d6faf52a04eed817d9"
"2025-02","lichess_db_standard_rated_2025-02.pgn.zst","https://database.lichess.org/standard/lichess_db_standard_rated_2025-02.pgn.zst",29169133833,"465db69b95a8d564f11c0ff3ae6f5825eb2a8c8cc35eee9289761a7ada0c1cfa"
"2025-03","lichess_db_standard_rated_2025-03.pgn.zst","https://database.lichess.org/standard/lichess_db_standard_rated_2025-03.pgn.zst",31787738173,"290ea021c3f89b047c424b961f80a44c48f43594b13cc36f861ca3fa80dda4c1"
"2025-04","lichess_db_standard_rated_2025-04.pgn.zst","https://database.lichess.org/standard/lichess_db_standard_rated_2025-04.pgn.zst",29846260634,"de5f8b33bd43a8f3824aa34b2499592a18a6ab67ced3d0293b97fbf06f0b138e"
"2025-05","lichess_db_standard_rated_2025-05.pgn.zst","https://database.lichess.org/standard/lichess_db_standard_rated_2025-05.pgn.zst",30673986651,"3d90d65a0aa2e9fed4ab2dd2232439a12c37a938706ca9815229212894afc9bb"
"2025-06","lichess_db_standard_rated_2025-06.pgn.zst","https://database.lichess.org/standard/lichess_db_standard_rated_2025-06.pgn.zst",29685684544,"41e2b89ed4f966c7a92c7cfdd27a10c383eb702a40970ad15e348db4af0fdaaa"
"2025-07","lichess_db_standard_rated_2025-07.pgn.zst","https://database.lichess.org/standard/lichess_db_standard_rated_2025-07.pgn.zst",30351331193,"0de72e8864a5f6fa1bc348c472891ad6d672e8691e49c10f88688271b2fd7db3"
"2025-08","lichess_db_standard_rated_2025-08.pgn.zst","https://database.lichess.org/standard/lichess_db_standard_rated_2025-08.pgn.zst",30247581773,"39de4ab061de99ccbd38d7d4d6d16c8cbb365edf16134e4531aa82549b1109dc"
"2025-09","lichess_db_standard_rated_2025-09.pgn.zst","https://database.lichess.org/standard/lichess_db_standard_rated_2025-09.pgn.zst",28334624323,"b2b22f4c62c198191e370337249dcdbe3cff3f88e74f7c08b707daf6e0018f4d"
"2025-10","lichess_db_standard_rated_2025-10.pgn.zst","https://database.lichess.org/standard/lichess_db_standard_rated_2025-10.pgn.zst",29858966473,"6413e848a709aa5208a68094346ebe19cad39f36e67b57387374f2e935a308ac"
"2025-11","lichess_db_standard_rated_2025-11.pgn.zst","https://database.lichess.org/standard/lichess_db_standard_rated_2025-11.pgn.zst",29372189630,"9eb23840019a4bd6268d9c35ab87b391e242aca576c1aa1c03ca13cc6d4ab62b"
"2025-12","lichess_db_standard_rated_2025-12.pgn.zst","https://database.lichess.org/standard/lichess_db_standard_rated_2025-12.pgn.zst",30751318794,"44fab31508a84c0f3e442c1118148799b80a28ea25f632bc22ec32b3d4448f46"
